_domain,_tier,_mode,user_id,nickname,_gender,fans,total_likes,total_collects,post_count,ip_location,source_keywords
hiking,10k+,engagement,5c2f07d7000000000602ef1c,stouthammerlite,unknown,,365000,65000,5,陕西,"徒步, 户外徒步"
hiking,10k+,engagement,5de317fe0000000001000b90,008,unknown,,170000,8990,5,,"徒步, 户外徒步"
hiking,10k+,engagement,55fd50d53397db30829507c1,-MONKI-,unknown,,151000,16636,8,,"徒步, 户外徒步, 登山"
hiking,10k+,engagement,5c6a9f09000000001200a79d,Uhey_,unknown,,90000,19740,5,,"徒步, 徒步路线, 户外徒步"
hiking,10k+,engagement,5a4e3d9a4eacab78c72b3846,好吧小李,unknown,,86000,4924,2,,"徒步, 徒步路线"
hiking,10k+,engagement,59958f9982ec395ab380cfeb,linn1,unknown,,85000,4560,5,,"户外徒步, 登山"
hiking,10k+,engagement,5f79a78e000000000100a415,林智,unknown,,80000,39575,5,,"徒步, 户外徒步"
hiking,10k+,engagement,5fedd5af0000000001005e5c,麦当当,unknown,,60010,14510,10,,"徒步, 徒步路线, 户外徒步, 登山"
hiking,10k+,engagement,62acaeb0000000001b029cf6,DollNamedkim,unknown,,49877,8855,5,,"户外徒步, 登山"
hiking,10k+,engagement,58d6e9b76a6a691cffc60284,出发吧周小煦,unknown,,39608,43776,11,,"徒步, 徒步路线, 户外徒步"
hiking,10k+,engagement,6155d8fc0000000002022554,彭高,unknown,,35000,1951,1,,徒步路线
hiking,10k+,engagement,58100c6c34609405ccc6cfbb,柠橘,unknown,,35000,8477,1,,徒步路线
hiking,10k+,engagement,560898be3397db286cbf5f53,momo,unknown,,32000,2874,2,上海,徒步
hiking,10k+,engagement,55fd0dc5e4b1cf2d48350ac7,ccliyaxx,unknown,,29730,2400,5,,"徒步, 户外徒步"
hiking,10k+,engagement,5cd2422f0000000011021d05,镜语,unknown,,29701,5971,7,,"徒步, 户外徒步, 登山"
hiking,10k+,engagement,609f5b43000000000101d1de,Parzival,unknown,,26416,25627,7,,"徒步, 徒步路线, 户外徒步"
hiking,10k+,engagement,60c9be8c0000000001000d6d,探路小明📷,unknown,,26000,26000,2,,户外徒步
hiking,10k+,engagement,53a99808b4c4d653583a2f92,suki酱,unknown,,24830,29580,5,,"徒步, 徒步路线"
hiking,10k+,engagement,6249c509000000001000fea0,小辣椒儿,unknown,,23238,3237,3,,登山
hiking,10k+,engagement,5af403eb4eacab4677fded06,陳背心,unknown,,22550,7641,3,广东,徒步
hiking,10k+,engagement,5e083c58000000000100794b,狂阿弥_,unknown,,19428,672,2,,"徒步, 登山"
hiking,10k+,engagement,5ab8bc244eacab5e89d151b5,七喜,unknown,,18952,7840,4,,"户外徒步, 登山"
hiking,10k+,engagement,672af592000000001d02c0fa,小绿到处跑（6月中川西）,unknown,,18514,18896,4,,"徒步, 户外徒步"
hiking,10k+,engagement,6073e0af0000000001003b0a,小彭很OK,unknown,,17337,16366,2,湖南,徒步路线
hiking,10k+,engagement,5e3ed03200000000010089c1,inferiority,unknown,,16467,1191,3,,登山
hiking,10k+,engagement,53eb7333b4c4d668d4ba3c35,CeliaCC,unknown,,16299,25959,3,,登山
hiking,10k+,engagement,5c51222d000000001a02941e,游侠客杭州站,unknown,,16179,3912,3,,登山
hiking,10k+,engagement,5cc30554000000001202f410,此沙是个小演员,unknown,,16000,685,1,北京,登山
hiking,10k+,engagement,59fe769811be100494c891d2,银山,unknown,,15378,10716,2,,徒步路线
hiking,10k+,engagement,5cca609f00000000120291b7,关耳夕犬灬,unknown,,15078,6136,2,,徒步路线
hiking,10k+,engagement,5a4ceed54eacab617609812c,Mikakamii,unknown,,15002,17566,4,,徒步路线
hiking,10k+,engagement,5597f1b23397db58ab473dbd,杨木木,unknown,,13962,13878,2,,户外徒步
hiking,10k+,engagement,67ea045d000000000d008568,山山（自驾进藏中）,unknown,,13622,7226,3,西藏,徒步
hiking,10k+,engagement,5ffe6186000000000100bd9b,小秋的江浙沪日记,unknown,,12684,23172,3,,登山
hiking,10k+,engagement,5caafa49000000001701ff4f,千頌一,unknown,,12498,12188,2,,徒步路线
hiking,10k+,engagement,59132a78a9b2ed1f47fd32bc,AtoZ,unknown,,11712,3438,3,,登山
hiking,10k+,engagement,5a0107ad11be101597397618,塔塔酱噢-,unknown,,11136,6730,2,,徒步路线
hiking,10k+,engagement,616fb3390000000002024e25,老师好我叫何同学,unknown,,11000,1733,1,,登山
hiking,10k+,engagement,6571b79f00000000200374ad,董哥去露营,male,,10983,17949,3,,"徒步, 徒步路线"
hiking,10k+,engagement,61affbdd0000000021022a6c,Hhhh,unknown,,9932,2398,2,,户外徒步
hiking,10k+,engagement,5e638d67000000000100b01e,迪丽热花,unknown,,9602,6370,2,,户外徒步
hiking,10k+,engagement,61931f7200000000100094be,NuRay,unknown,,8828,7096,2,,户外徒步
hiking,10k+,engagement,58d7797d50c4b4660ab2414d,卡布奇诺Bo,unknown,,8433,7272,3,,登山
hiking,10k+,engagement,616ba9b7000000001f039aa2,小昊同学,unknown,,8177,1619,1,,徒步
hiking,10k+,engagement,5b212a1bf7e8b912bc0a03b1,牡蛎呀,unknown,,8074,11208,2,,徒步路线
hiking,10k+,engagement,594b48f350c4b445359f96a4,예예yeye超爱生活🌿,unknown,,8064,9393,3,,登山
hiking,10k+,engagement,5b45d24a6b58b75972fc67ad,DZ豆子点子💡,unknown,,7411,1505,1,,登山
hiking,10k+,engagement,5c94ce0e0000000016015bc6,双下巴真可爱,unknown,,7348,396,1,,徒步
hiking,10k+,engagement,5ec7345b000000000101d079,6kang,unknown,,7081,763,1,,徒步路线
hiking,10k+,engagement,5b49d01711be102dd018f472,Fantasticzy,unknown,,6558,7938,2,,徒步路线
hiking,10k+,engagement,61b2018000000000210223d0,爬山iris,unknown,,6414,9260,2,,徒步路线
hiking,10k+,engagement,5b02556be8ac2b482df5782c,Zac,unknown,,6335,1188,1,,徒步
hiking,10k+,engagement,55a1f72fa75c9574bb3018a9,鱼不醒,unknown,,6316,9954,2,,徒步路线
hiking,10k+,engagement,54e94bcd2e1d936fc9edcd52,宿海,unknown,,6290,6226,2,江苏,徒步路线
hiking,10k+,engagement,5f12bc8c00000000010032f9,立体秒,unknown,,6117,421,1,,登山
hiking,10k+,engagement,566d1e140bf90c799c89ce5c,油爆番茄,unknown,,6068,4792,2,,户外徒步
hiking,10k+,engagement,5a55af6f11be100d19a69b13,小岩呐,unknown,,5963,1738,1,,徒步路线
hiking,10k+,engagement,594b82df6a6a690e64f63066,蕊宝在成长,unknown,,5922,7998,2,,登山
hiking,10k+,engagement,559b9817a75c95207564d203,土豆君🍟,unknown,,5246,4888,2,,徒步路线
hiking,10k+,engagement,6172cca8000000000201a1a4,顾言,unknown,,4736,3552,1,浙江,徒步
hiking,10k+,engagement,5657cd1f03eb847c6e26bcf6,哩哩啦啦,unknown,,4726,6268,2,,徒步路线
hiking,10k+,engagement,69f05b0c0000000002002409,姜姜不掉队,unknown,,4672,6666,2,,徒步路线
hiking,10k+,engagement,5c427c82000000000600a9dc,花花🌸（徒步版）,unknown,,4665,2507,1,陕西,徒步路线
hiking,10k+,engagement,5a55c61b11be10199eeb9c93,沈小娴,unknown,,4432,6266,2,,徒步路线
hiking,10k+,engagement,5dde7c2f000000000100ad29,骠骑三百,unknown,,4010,6229,2,,"徒步路线, 登山"
hiking,10k+,engagement,64d9be3800000000010125d9,茈怎-,unknown,,3590,4360,1,,徒步路线
hiking,10k+,engagement,62bb1f9a000000001902b230,农农农,unknown,,3130,4236,1,,徒步路线
hiking,10k+,engagement,6732a301000000001c0185cd,新加坡父子徒步,unknown,,2940,3741,1,,徒步路线
hiking,1k-5k,engagement,63264126000000002303d15f,拾柒捌,unknown,,150,207,3,,登山
hiking,5k-10k,engagement,5e7ec6a5000000000100a920,白日梦不想家,unknown,,33604,4510,10,,"徒步, 徒步路线, 户外徒步, 登山"
hiking,5k-10k,engagement,5e16f9af000000000100164d,勼尔,unknown,,27970,11380,10,,"徒步, 徒步路线, 户外徒步, 登山"
hiking,5k-10k,engagement,5c2b26d20000000007001191,Ssdis,unknown,,26112,5136,8,,"徒步, 徒步路线, 户外徒步, 登山"
hiking,5k-10k,engagement,57bacaa45e87e72d17fae2ec,好乐迪啊,unknown,,22320,6516,6,,"徒步路线, 户外徒步, 登山"
hiking,5k-10k,engagement,5b347d6a4eacab2d7903159e,小陈日记🍪,unknown,,21200,7208,8,,"徒步, 户外徒步, 登山"
hiking,5k-10k,engagement,554d62e1b203d96cb5079004,丝丝,unknown,,19715,3800,5,,"户外徒步, 登山"
hiking,5k-10k,engagement,671b4feb000000001d031190,牛仔很忙,unknown,,19160,3890,5,,"徒步, 户外徒步"
hiking,5k-10k,engagement,61585950000000000201ccee,銀河電燈_,unknown,,17259,6963,5,,登山
hiking,5k-10k,engagement,586eea5a6a6a69578eac88c2,Alaska,unknown,,16815,7280,5,,"户外徒步, 登山"
hiking,5k-10k,engagement,5cffc151000000001700a9c9,我要睡觉,unknown,,16115,2880,5,,"徒步, 徒步路线, 户外徒步, 登山"
hiking,5k-10k,engagement,6524da22000000002b002c2e,itskateee,unknown,,15812,3900,7,,"徒步, 户外徒步, 登山"
hiking,5k-10k,engagement,5b55aa16f7e8b96b54f5456c,Baojong_,unknown,,15810,2735,5,,"徒步, 户外徒步"
hiking,5k-10k,engagement,5b67b0a3a15df000014a33ad,桃芝,unknown,,15056,2856,4,,"徒步路线, 户外徒步"
hiking,5k-10k,engagement,5fb99904000000000101d45c,面面大王,unknown,,13185,2430,5,,"徒步, 徒步路线"
hiking,5k-10k,engagement,5cd947c1000000001003d268,阿铮,unknown,,12977,750,6,云南,"徒步, 户外徒步, 登山"
hiking,5k-10k,engagement,59ec5fc9e8ac2b0ac634fbf8,killerwha1e,unknown,,11832,1768,4,,"徒步路线, 户外徒步"
hiking,5k-10k,engagement,5651eb50484fb628f760c9fe,爱户外的薇薇安,unknown,,11391,2607,3,,徒步
hiking,5k-10k,engagement,5a7c5adc4eacab1ec86d9904,Cnientow,unknown,,10284,2100,3,,登山
hiking,5k-10k,engagement,5d0dd5ff000000001000aae4,小J,unknown,,10120,2595,5,,"徒步, 户外徒步, 登山"
hiking,5k-10k,engagement,5b3c477be8ac2b6f7b0b58e0,梁一口echo,unknown,,10002,1347,3,,徒步
hiking,5k-10k,engagement,5a97d3ede8ac2b1b3ef5744c,我是11,unknown,,9629,2008,4,北京,"徒步, 登山"
hiking,5k-10k,engagement,5cb9c0fc000000001601cc5a,美惠子的,unknown,,9056,2420,4,,"徒步路线, 户外徒步"
hiking,5k-10k,engagement,5a8a8c2be8ac2b2fda41c705,小栗🌰,unknown,,7791,1074,3,,登山
hiking,5k-10k,engagement,55157f552e1d936d09665d49,54MAN,unknown,,7628,984,4,,"徒步, 登山"
hiking,5k-10k,engagement,5a8bb56311be102527e3e9a4,Dilraba,unknown,,7378,1356,2,,登山
hiking,5k-10k,engagement,62557528000000001000da73,田田独活女子,female,,5884,3130,2,,徒步路线
hiking,5k-10k,engagement,5f50f09b0000000001009588,早起的漫游指南,unknown,,5706,8783,3,,徒步
hiking,5k-10k,engagement,5f33a5ba000000000100932b,Tokyodog,unknown,,5658,396,3,,徒步
hiking,5k-10k,engagement,5a202b794eacab1e2a48b071,郑加油,unknown,,4942,1392,2,,户外徒步
hiking,5k-10k,engagement,5b0a2d824eacab5e63f5c0bf,kkbold,unknown,,4644,1270,2,,户外徒步
hiking,5k-10k,engagement,5c0892a5000000000500f3b6,艺文搭搭,unknown,,4576,786,2,福建,徒步
hiking,5k-10k,engagement,55fe09e562a60c680d57b2ab,Heyhey小黑,unknown,,4528,1674,2,,徒步路线
hiking,5k-10k,engagement,5c3f5d8a000000000500a186,Juliana大鹅,unknown,,4160,1816,2,,"徒步, 户外徒步"
hiking,5k-10k,engagement,5b61881f11be1008b2bcd3a6,敢历山大 王总,unknown,,4105,319,1,,徒步
hiking,5k-10k,engagement,5b432494f7e8b9518fc03b86,Jonas,unknown,,3859,644,1,,登山
hiking,5k-10k,engagement,66c55a21000000001d032216,FF&KK,unknown,,3650,826,2,,徒步
hiking,5k-10k,engagement,5e4baa8e00000000010082f4,han～,unknown,,3576,288,2,,徒步
hiking,5k-10k,engagement,5d71d9670000000001008121,TheNorthFace,unknown,,3552,1070,2,,徒步
hiking,5k-10k,engagement,5bde5fd173b00b0001e64556,GOFREE大可,unknown,,3512,314,2,浙江,徒步
hiking,5k-10k,engagement,5ae7c54b11be1006053019fc,张二狗🐶,unknown,,3100,246,1,,徒步
hiking,5k-10k,engagement,5b81361a55549100018fb1e3,Peggy有无限可能,unknown,,3083,1541,1,,徒步
hiking,5k-10k,engagement,5b358c97e8ac2b29aa8b7221,坏猫阿姨,unknown,,2747,409,1,,登山
hiking,5k-10k,engagement,65b90843000000000903fc52,云灿,unknown,,2283,2692,1,,徒步路线
hiking,5k-10k,engagement,5a818221e8ac2b658d8273ff,Hohoo,unknown,,2279,966,1,,登山
hiking,5k-10k,engagement,683af959000000001e0082e4,杭州晓明旅行记,unknown,,2265,2082,1,,登山
hiking,5k-10k,engagement,5b617f776b58b759b08d8118,坞演,unknown,,2190,222,1,,登山
hiking,5k-10k,engagement,5ba1f6a92fc9220001164d96,琼袅的旅行本本,unknown,,2169,2632,1,,登山
hiking,5k-10k,engagement,5f5eec9a0000000001004d13,曼兮是我,unknown,,2167,1397,1,,徒步路线
hiking,5k-10k,engagement,58c0c1895e87e74db77b9f63,Joelu-,unknown,,1999,502,1,,徒步
hiking,5k-10k,engagement,56accd394775a728aad9ef5c,野生花栗鼠,unknown,,1873,232,1,,登山
hiking,5k-10k,engagement,5c02cf0c000000000500e6b6,艾野剪妮,unknown,,1757,566,1,,徒步
hiking,5k-10k,engagement,64c4ef56000000000b00ba28,野生姜,unknown,,1691,746,1,,徒步
hiking,5k-10k,engagement,5a893e4b11be10147d4e4aa4,Kerry,unknown,,1521,645,3,浙江,登山
trail_running,10k+,engagement,59bfc3ff5e87e77bca65c95d,椿岛青子,unknown,,37000,4229,1,浙江,越野赛
trail_running,10k+,engagement,5d2d42180000000016025594,种地吧赵小童,unknown,,34000,358,1,,越野赛
trail_running,10k+,engagement,5c9a27f6000000001701c1ef,勇哥（关门山野人）,male,,26000,566,2,江苏,"越野赛, 越野跑"
trail_running,10k+,engagement,6096047d0000000001006dc3,转基因油条儿,unknown,,19569,999,3,,"越野跑, 越野跑训练"
trail_running,10k+,engagement,5a2a86c84eacab5a83c0920a,阮阮不软,unknown,,19548,4068,3,,"越野赛, 越野跑, 越野跑训练"
trail_running,10k+,engagement,5d875e7e00000000010044e6,高源Kaiko,unknown,,18066,796,2,,"越野赛, 越野跑训练"
trail_running,10k+,engagement,5af403eb4eacab4677fded06,陳背心,unknown,,14118,1104,3,,越野跑训练
trail_running,10k+,engagement,5c5919fe000000001b003038,努力变好的yy,unknown,,12790,2236,2,,"越野跑, 越野跑训练"
trail_running,10k+,engagement,579f4aca82ec3967ddc9c7fa,你好竹子,unknown,,12780,448,2,,"越野跑, 越野跑训练"
trail_running,10k+,engagement,6249c509000000001000fea0,小辣椒儿,unknown,,9947,1289,2,,"越野跑, 越野跑训练"
trail_running,10k+,engagement,5fac99f2000000000101f66a,薇丝儿辣,unknown,,8833,5491,1,,越野跑训练
trail_running,10k+,engagement,549f611fe779892f3730d6a8,佑熙hyose,unknown,,4688,493,1,,越野跑
trail_running,10k+,engagement,6660664e00000000030317d3,Abby～🐯互,unknown,,2526,3979,1,,越野跑训练
trail_running,10k+,engagement,5c710a1b000000001102462e,King林秋彬,unknown,,2389,2844,1,,越野跑训练
trail_running,1k-5k,engagement,634a540b000000001802fdc5,大鱼不会飞啦,unknown,,1029,86,3,浙江,"山径跑, 越野赛, 越野跑"
trail_running,1k-5k,engagement,603b26050000000001000de6,蒙光富,unknown,,861,13,2,湖北,山径跑
trail_running,1k-5k,engagement,5598c07541a2b35b1284265a,葫芦🐰,unknown,,384,6,2,浙江,山径跑
trail_running,1k-5k,engagement,6699232d00000000240220bb,保孖の云生活（🐯）,unknown,,353,4,1,四川,山径跑
trail_running,1k-5k,engagement,64d1e2b6000000000b00b6be,熊猫户外服饰,unknown,,297,194,1,,山径跑
trail_running,1k-5k,engagement,6325345b000000002303fb0b,汇跑赛事,unknown,,229,170,1,北京,山径跑
trail_running,1k-5k,engagement,5b914ead65aece00012d2344,言古古(跑互),unknown,,228,3,1,广西,山径跑
trail_running,1k-5k,engagement,64c723ae000000000b008203,Relo,unknown,,215,84,1,,越野跑
trail_running,1k-5k,engagement,5e92faec0000000001003293,越野跑 唐景燕,unknown,,213,0,1,湖北,山径跑
trail_running,1k-5k,engagement,60df18a50000000001006706,NE自然有声,unknown,,200,123,1,上海,山径跑
trail_running,1k-5k,engagement,5b87d41dafa6e00001e9255f,小张张Julie,unknown,,195,36,1,,山径跑
trail_running,1k-5k,engagement,636df298000000001f01f123,京东运动,unknown,,178,108,1,北京,山径跑
trail_running,1k-5k,engagement,65e1628d000000000d026fc4,ACG,unknown,,178,14,1,上海,山径跑
trail_running,1k-5k,engagement,5e95a35f000000000100519e,梵高先生(菜就多练版),male,,178,0,1,,山径跑
trail_running,1k-5k,engagement,5b72fa4af7e8b9784044db8a,阿烨Ye,unknown,,177,2,1,浙江,山径跑
trail_running,1k-5k,engagement,552fa0e0b203d96b8a3a4036,sn,unknown,,170,76,1,,山径跑
trail_running,1k-5k,engagement,55fd1ccff5a26335bcf92752,夏向iron闲不住啊,unknown,,163,3,1,西藏,越野跑
trail_running,1k-5k,engagement,5b544170f7e8b93e4d3ee4df,等我喝完这杯咖啡,unknown,,163,15,1,,山径跑
trail_running,1k-5k,engagement,5a03faaab1da1438dc070b0c,Lucky,unknown,,150,15,1,,山径跑
trail_running,1k-5k,engagement,5693b51aaed758581dfa6d77,饭团的慢星球,unknown,,149,0,1,浙江,山径跑
trail_running,1k-5k,engagement,566ce8f49eb5785c92a09dac,你的卢妹,female,,142,10,1,,山径跑
trail_running,1k-5k,engagement,62a1a46b000000002102baa4,ĶKkëľľviiņ,unknown,,141,4,1,,山径跑
trail_running,1k-5k,engagement,548a84a6e7798903c07dcc64,GAKI,unknown,,138,0,1,,山径跑
trail_running,1k-5k,engagement,5fcee9c90000000001007ffc,手撕天真,unknown,,134,7,1,浙江,山径跑
trail_running,1k-5k,engagement,543d0d76d6e4a978b3390196,我是苏苏susu,unknown,,134,11,1,浙江,山径跑
trail_running,1k-5k,engagement,5b2ccd8c4eacab3423523758,Li Chiang,unknown,,132,1,1,,山径跑
trail_running,1k-5k,engagement,5b1fd5824eacab47dc432b8e,妖爷,unknown,,132,3,1,,山径跑
trail_running,1k-5k,engagement,658ced490000000022008316,好蓝的蓝,unknown,,131,7,1,上海,山径跑
trail_running,1k-5k,engagement,5b658533f7e8b9281ea14256,托尼虾虾,unknown,,126,7,1,北京,山径跑
trail_running,1k-5k,engagement,6350a7cb000000001901df77,Tong,unknown,,99,1,1,,越野赛
trail_running,1k-5k,engagement,5575b186c2bdeb6bdec16210,爱动的老哈,unknown,,89,8,1,,越野赛
trail_running,1k-5k,engagement,62023e29000000001000c1c8,Fenix移动照明,unknown,,82,42,2,广东,越野跑
trail_running,1k-5k,engagement,61ebc712000000001000f497,钱多多,unknown,,53,3,1,,越野跑
trail_running,5k-10k,engagement,5c7951550000000010016bab,吴六六,unknown,,9493,1533,4,,"山径跑, 越野赛, 越野跑"
trail_running,5k-10k,engagement,58e7c5b75e87e77e2fe242d9,Abeeeer,unknown,,7419,1367,4,,"越野赛, 越野跑训练"
trail_running,5k-10k,engagement,61d868e90000000021022ca7,野鹿籽,unknown,,6070,1292,2,,"越野赛, 越野跑训练"
trail_running,5k-10k,engagement,5bf43acd89f5840001200bcc,不改稿的马鸽,unknown,,5710,861,2,,"越野赛, 越野跑"
trail_running,5k-10k,engagement,5a59e56e11be1053c2e237d7,西西_,unknown,,5386,1328,2,,"越野赛, 越野跑训练"
trail_running,5k-10k,engagement,58b58bed6a6a69035fb61c29,fit4life,unknown,,4546,374,2,,"越野赛, 越野跑训练"
trail_running,5k-10k,engagement,593a28626f02d66ccec03f40,徐大只,unknown,,3890,1090,2,,"越野赛, 越野跑训练"
trail_running,5k-10k,engagement,5bb63e1e4bcb9c00010d470a,杨树梢儿（体脂不详版）,unknown,,3874,59,1,云南,越野跑
trail_running,5k-10k,engagement,667d284d0000000007004763,黑犀牛,unknown,,3496,1750,2,广东,"越野赛, 越野跑训练"
trail_running,5k-10k,engagement,5a3277fe11be104f3bb9b2bf,鹿小鹿Louie,unknown,,3304,753,1,,越野跑
trail_running,5k-10k,engagement,5a09a8ac4eacab798f167a0d,ziwen关茈文,unknown,,3260,184,1,,越野跑
trail_running,5k-10k,engagement,61d4214e0000000021026e48,Outopia遨托邦,unknown,,2711,70,4,,"山径跑, 越野赛, 越野跑, 越野跑训练"
trail_running,5k-10k,engagement,656d1b95000000001c0187cf,吴向东,unknown,,2667,120,3,云南,"越野赛, 越野跑, 越野跑训练"
trail_running,5k-10k,engagement,56567f4cb8c8b46f4c7aa5b2,Yoyo孙佳祺,unknown,,2634,697,1,,越野跑训练
trail_running,5k-10k,engagement,5a9ceedb11be10061cedad91,Honeymimi,unknown,,2240,200,2,,"越野赛, 越野跑训练"
trail_running,5k-10k,engagement,5b3354af4eacab26903de44c,系LEE阿,unknown,,2218,208,1,,越野赛
trail_running,5k-10k,engagement,5b86969793ff330001da9b48,夏吉吉,unknown,,2109,244,2,,越野赛
trail_running,5k-10k,engagement,5ca82373000000001700cdfa,Arkin.阿金,unknown,,1953,2180,1,,越野跑训练
trail_running,5k-10k,engagement,55cb14d062a60c764761904d,野兽mn,unknown,,1872,149,2,,"越野赛, 越野跑训练"
trail_running,5k-10k,engagement,574738476a6a693b5b469186,走呀一零,unknown,,1760,274,2,,"越野赛, 越野跑训练"
trail_running,5k-10k,engagement,574913b150c4b40f6ebc1670,西瓜GuaguaRun,unknown,,1756,413,1,天津,越野赛
trail_running,5k-10k,engagement,5be2aeff16175a0001a6e53d,良辰日和,unknown,,1727,177,3,,"山径跑, 越野跑训练"
trail_running,5k-10k,engagement,598bb61150c4b40e003eda42,快乐栗子头Leo,unknown,,1671,125,3,浙江,"山径跑, 越野跑"
trail_running,5k-10k,engagement,598d3a0750c4b446d0c4fee5,StellaSSj,unknown,,1607,172,1,上海,越野赛
trail_running,5k-10k,engagement,5f9dbb9a0000000001007127,停停停不下来,unknown,,1607,79,1,北京,越野赛
trail_running,5k-10k,engagement,5bcf65fdb1cc3f0001fd506c,超级阿环,unknown,,1412,366,2,,"越野赛, 越野跑训练"
trail_running,5k-10k,engagement,5daed942000000000100630b,穆志斌,unknown,,1392,71,1,浙江,越野赛
trail_running,5k-10k,engagement,589acd956a6a693fc7bc00bf,Coach乔智,unknown,,1289,1977,1,,越野跑训练
trail_running,5k-10k,engagement,5bcadbc2c262b20001730ed3,赖蒙lemon,unknown,,1280,103,1,,越野赛
trail_running,5k-10k,engagement,5a33c3cae8ac2b6813c07b7a,Robin一宽,unknown,,1267,585,1,,越野跑训练
trail_running,5k-10k,engagement,5c359995000000000601ba81,熊温柔soul,unknown,,1252,222,1,,越野赛
trail_running,5k-10k,engagement,5c84ad1a000000001100a4cd,十五常,unknown,,1249,47,1,,越野赛
trail_running,5k-10k,engagement,5a4da775e8ac2b44b2d50059,宏宏跑步去,unknown,,1238,138,1,北京,越野跑训练
trail_running,5k-10k,engagement,5f1565c5000000000101d657,瑟瑟跑步（HYROX版）,unknown,,1065,830,1,,越野跑训练
trail_running,5k-10k,engagement,5a4ceed54eacab617609812c,Mikakamii,unknown,,1052,272,1,上海,山径跑
trail_running,5k-10k,engagement,5b17d50d4eacab1dedc551a7,扑通呀,unknown,,1042,65,1,,越野跑训练
trail_running,5k-10k,engagement,62f37692000000001f006392,大東D,unknown,,1026,73,1,,山径跑
trail_running,5k-10k,engagement,5d0edc5b000000001600457e,Harah何佳韵,unknown,,1002,113,1,,越野跑训练
trail_running,5k-10k,engagement,5a4a05d04eacab0c8724dd69,潘潘kiwi,unknown,,935,277,1,四川,山径跑
trail_running,5k-10k,engagement,5c6f4a9c0000000011035b09,riven,unknown,,895,131,1,,山径跑
trail_running,5k-10k,engagement,5b1d10b46b58b74d09f8f15d,RockyGG💓,unknown,,882,128,1,,越野跑训练
trail_running,5k-10k,engagement,64a112e9000000001003583d,徒走走,unknown,,871,1224,1,,越野跑训练
trail_running,5k-10k,engagement,576f9b9e82ec397c458a62e7,撒哈拉拉,unknown,,830,169,1,,越野跑训练
trail_running,5k-10k,engagement,5c7bef410000000016027e14,越野跑教练李猛,unknown,,800,1246,1,上海,越野跑训练
trail_running,5k-10k,engagement,66e96c61000000001d021840,天花板,unknown,,770,278,1,陕西,越野赛
trail_running,5k-10k,engagement,56505fd39eb578312b774832,西兰花,unknown,,764,11,1,,越野跑训练
trail_running,5k-10k,engagement,5bfa262d4ba5af0001bed3fd,加多点辣,unknown,,726,125,1,,越野赛
trail_running,5k-10k,engagement,5d110f50000000001603c694,1983户外,unknown,,714,693,1,,越野跑训练
trail_running,5k-10k,engagement,65e6779c000000000500e05d,悦野者越野,unknown,,712,438,1,,越野赛
trail_running,5k-10k,engagement,5707c4b884edcd4c38270f35,18鱼丸,unknown,,681,50,1,,越野赛
trail_running,5k-10k,engagement,567a9364cb35fb0383af6799,可爱张女士,female,,498,29,1,浙江,山径跑
